{
  "score": "digit-minus-word top200 positive work at question_mark token, layer 21",
  "overall": {
    "n": 720,
    "correct_n": 295,
    "wrong_n": 425,
    "auc": 0.7641156530408774,
    "correct_stats": {
      "mean": -0.022235790338077172,
      "median": -0.024109063670039177,
      "q25": -0.03140406683087349,
      "q75": -0.013399960473179817,
      "min": -0.0878799557685852,
      "max": 0.020014077425003052
    },
    "wrong_stats": {
      "mean": -0.0072699374678161215,
      "median": -0.006636161357164383,
      "q25": -0.01820368506014347,
      "q75": 0.004059010185301304,
      "min": -0.12224522233009338,
      "max": 0.040489744395017624
    }
  },
  "per_digit": [
    {
      "digit": 2,
      "n": 90,
      "correct_n": 49,
      "wrong_n": 41,
      "auc": 0.6893977103036336,
      "correct_stats": {
        "mean": -0.03226240838364679,
        "median": -0.03267314285039902,
        "q25": -0.037990596145391464,
        "q75": -0.02595285139977932,
        "min": -0.0545748770236969,
        "max": -0.017666444182395935
      },
      "wrong_stats": {
        "mean": -0.023747488764035176,
        "median": -0.025298859924077988,
        "q25": -0.030619818717241287,
        "q75": -0.014651156030595303,
        "min": -0.05325055122375488,
        "max": 0.01841561123728752
      }
    },
    {
      "digit": 3,
      "n": 90,
      "correct_n": 45,
      "wrong_n": 45,
      "auc": 0.7387654320987654,
      "correct_stats": {
        "mean": -0.02282958310873558,
        "median": -0.02533246949315071,
        "q25": -0.03036334179341793,
        "q75": -0.01790039800107479,
        "min": -0.036181338131427765,
        "max": 0.01005381066352129
      },
      "wrong_stats": {
        "mean": -0.012096180686623687,
        "median": -0.013325856067240238,
        "q25": -0.021307503804564476,
        "q75": -0.004760080948472023,
        "min": -0.04604062810540199,
        "max": 0.02066665329039097
      }
    },
    {
      "digit": 4,
      "n": 90,
      "correct_n": 52,
      "wrong_n": 38,
      "auc": 0.8001012145748988,
      "correct_stats": {
        "mean": -0.03035240385753031,
        "median": -0.0316910445690155,
        "q25": -0.03506036661565304,
        "q75": -0.017942027654498816,
        "min": -0.0878799557685852,
        "max": -0.00428940961137414
      },
      "wrong_stats": {
        "mean": -0.014512375018583904,
        "median": -0.014137339312583208,
        "q25": -0.021250462159514427,
        "q75": -0.007494901889003813,
        "min": -0.04105963185429573,
        "max": 0.0028048078529536724
      }
    },
    {
      "digit": 5,
      "n": 90,
      "correct_n": 36,
      "wrong_n": 54,
      "auc": 0.7602880658436214,
      "correct_stats": {
        "mean": -0.019076805028210703,
        "median": -0.018297587521374226,
        "q25": -0.027293856255710125,
        "q75": -0.01278166426345706,
        "min": -0.038534872233867645,
        "max": 0.0010944275418296456
      },
      "wrong_stats": {
        "mean": -0.006025042297551408,
        "median": -0.00530731538310647,
        "q25": -0.017620886210352182,
        "q75": 0.0027807970764115453,
        "min": -0.0432337261736393,
        "max": 0.03399018198251724
      }
    },
    {
      "digit": 6,
      "n": 90,
      "correct_n": 27,
      "wrong_n": 63,
      "auc": 0.7342739564961788,
      "correct_stats": {
        "mean": -0.017569893376073904,
        "median": -0.023201467469334602,
        "q25": -0.02568400651216507,
        "q75": -0.009434863924980164,
        "min": -0.033179085701704025,
        "max": 0.009964220225811005
      },
      "wrong_stats": {
        "mean": -0.00628599118337863,
        "median": -0.008429145440459251,
        "q25": -0.01651847828179598,
        "q75": 0.006666605826467276,
        "min": -0.0412464365363121,
        "max": 0.02664216421544552
      }
    },
    {
      "digit": 7,
      "n": 90,
      "correct_n": 27,
      "wrong_n": 63,
      "auc": 0.7419165196942975,
      "correct_stats": {
        "mean": -0.013804132058996603,
        "median": -0.017101578414440155,
        "q25": -0.02379728015512228,
        "q75": -0.004714371869340539,
        "min": -0.03135938569903374,
        "max": 0.013090853579342365
      },
      "wrong_stats": {
        "mean": -0.0013399955471016702,
        "median": -0.00022238190285861492,
        "q25": -0.010546008124947548,
        "q75": 0.00935129588469863,
        "min": -0.03722719848155975,
        "max": 0.040489744395017624
      }
    },
    {
      "digit": 8,
      "n": 90,
      "correct_n": 22,
      "wrong_n": 68,
      "auc": 0.6811497326203209,
      "correct_stats": {
        "mean": -0.015488531919386745,
        "median": -0.018093674443662167,
        "q25": -0.028615957591682673,
        "q75": -0.0018441913707647473,
        "min": -0.04595102742314339,
        "max": 0.020014077425003052
      },
      "wrong_stats": {
        "mean": -0.006625972489607246,
        "median": -0.0035833987640216947,
        "q25": -0.013545310124754906,
        "q75": 0.004533619270659983,
        "min": -0.12224522233009338,
        "max": 0.01917085237801075
      }
    },
    {
      "digit": 9,
      "n": 90,
      "correct_n": 37,
      "wrong_n": 53,
      "auc": 0.8052014278429372,
      "correct_stats": {
        "mean": -0.013471149417848603,
        "median": -0.01908908784389496,
        "q25": -0.02383459359407425,
        "q75": -0.0039155445992946625,
        "min": -0.035384371876716614,
        "max": 0.014965091831982136
      },
      "wrong_stats": {
        "mean": 0.004454293858286274,
        "median": 0.004059010185301304,
        "q25": -0.003643591422587633,
        "q75": 0.013657566159963608,
        "min": -0.0318901427090168,
        "max": 0.030002331361174583
      }
    }
  ],
  "per_dataset": [
    {
      "dataset": "countbenchqa",
      "n": 240,
      "correct_n": 168,
      "wrong_n": 72,
      "auc": 0.7212301587301587,
      "correct_stats": {
        "mean": -0.02698874026342916,
        "median": -0.026875450275838375,
        "q25": -0.032887211069464684,
        "q75": -0.022443242371082306,
        "min": -0.0545748770236969,
        "max": 0.006747401785105467
      },
      "wrong_stats": {
        "mean": -0.01761918068708231,
        "median": -0.020619822666049004,
        "q25": -0.026537957601249218,
        "q75": -0.007987085962668061,
        "min": -0.0412464365363121,
        "max": 0.020642932504415512
      }
    },
    {
      "dataset": "how_many",
      "n": 240,
      "correct_n": 62,
      "wrong_n": 178,
      "auc": 0.7349583182312432,
      "correct_stats": {
        "mean": -0.01940636047666269,
        "median": -0.017561933025717735,
        "q25": -0.031060253735631704,
        "q75": -0.00675533979665488,
        "min": -0.0878799557685852,
        "max": 0.020014077425003052
      },
      "wrong_stats": {
        "mean": -0.003408054476852393,
        "median": -0.002680380712263286,
        "q25": -0.013612927403301,
        "q75": 0.007251532981172204,
        "min": -0.05325055122375488,
        "max": 0.040489744395017624
      }
    },
    {
      "dataset": "tallyqa_balanced",
      "n": 240,
      "correct_n": 65,
      "wrong_n": 175,
      "auc": 0.6117802197802198,
      "correct_stats": {
        "mean": -0.01265008362959354,
        "median": -0.011550539173185825,
        "q25": -0.023436225950717926,
        "q75": -0.0030264914967119694,
        "min": -0.05934492126107216,
        "max": 0.01265835203230381
      },
      "wrong_stats": {
        "mean": -0.006940049814126854,
        "median": -0.005391603335738182,
        "q25": -0.016463258303701878,
        "q75": 0.004112542606890202,
        "min": -0.12224522233009338,
        "max": 0.030002331361174583
      }
    }
  ]
}
