fold,train_selected_layer,train_selected_score_name,train_auc_failed_gt_success,valid_auc_failed_gt_success,valid_failed_n,valid_success_n,valid_failed_mean,valid_success_mean
0,18,dot_neg_work,0.8328606876993974,0.8126361655773421,17,54,0.10181631542303983,0.076227398313306
1,18,dot_neg_work,0.854676710608914,0.7254545454545455,10,55,0.09590059965848922,0.08078785267743198
2,18,dot_neg_work,0.8323624032692809,0.8240740740740741,16,54,0.1045305896550417,0.07405995080868404
3,18,dot_neg_work,0.8403013182674199,0.7630434782608696,10,46,0.09387059882283211,0.07101534695728966
4,18,dot_neg_work,0.790015347115645,0.9576612903225806,16,62,0.11482583358883858,0.06590036230702553
