fold,threshold,train_balanced_accuracy,train_youden_j,valid_balanced_accuracy,valid_youden_j,valid_precision,valid_recall,valid_specificity,valid_tp,valid_fp,valid_tn,valid_fn
0,0.12039566785097122,0.7434420418291385,0.48688408365827723,0.7020697167755992,0.4041394335511982,0.35555555555555557,0.9411764705882353,0.46296296296296297,16,29,25,1
1,0.12174752727150917,0.7461942875078469,0.4923885750156936,0.6681818181818182,0.3363636363636364,0.225,0.9,0.43636363636363634,9,31,24,1
2,0.12369402125477791,0.7553256238587949,0.5106512477175897,0.6435185185185186,0.28703703703703703,0.32432432432432434,0.75,0.5370370370370371,12,25,29,4
3,0.13879160583019257,0.7231638418079096,0.44632768361581926,0.6695652173913043,0.3391304347826087,0.3333333333333333,0.6,0.7391304347826086,6,12,34,4
4,0.12027150392532349,0.7181095964611357,0.4362191929222714,0.782258064516129,0.564516129032258,0.37209302325581395,1.0,0.5645161290322581,16,27,35,0
