{
  "selected_rows": 340,
  "source": "try_and_change/security_drift/outputs/heldout_malware_promptinject_seed0_all_unused_baseline/llama3p2_3b_instruct/selected_mlp_prefill_drift_score_v2_layer_trace.csv",
  "metric": null,
  "score_name": "dot_neg_work",
  "layer": 18,
  "positive_label": "failed_refusal",
  "negative_label": "successful_refusal",
  "rule": "predict drift iff score >= threshold",
  "threshold_selection": "maximize Youden J = TPR - FPR on calibration rows; tie-break by F1, precision, then higher threshold",
  "full_heldout_threshold": {
    "threshold": 0.07687313854694366,
    "tp": 63,
    "fp": 90,
    "tn": 181,
    "fn": 6,
    "failed_n": 69,
    "success_n": 271,
    "predicted_drift_n": 153,
    "predicted_no_drift_n": 187,
    "tpr": 0.9130434782608695,
    "fpr": 0.33210332103321033,
    "specificity": 0.6678966789667896,
    "precision": 0.4117647058823529,
    "recall": 0.9130434782608695,
    "f1": 0.5675675675675675,
    "accuracy": 0.7176470588235294,
    "balanced_accuracy": 0.7904700786138296,
    "youden_j": 0.5809401572276591
  },
  "cv_fold_calibrated_evaluation": {
    "tp": 62,
    "fp": 94,
    "tn": 177,
    "fn": 7,
    "failed_n": 69,
    "success_n": 271,
    "predicted_drift_n": 156,
    "predicted_no_drift_n": 184,
    "tpr": 0.8985507246376812,
    "fpr": 0.34686346863468637,
    "specificity": 0.6531365313653137,
    "precision": 0.3974358974358974,
    "recall": 0.8985507246376812,
    "f1": 0.5511111111111111,
    "accuracy": 0.7029411764705882,
    "balanced_accuracy": 0.7758436280014974,
    "youden_j": 0.5516872560029948,
    "evaluation": "out-of-fold predictions; each validation fold uses its own train-selected threshold",
    "threshold_mean": 0.07597208321094513,
    "threshold_median": 0.07529092580080032,
    "threshold_min": 0.07525446265935898,
    "threshold_max": 0.0772656574845314
  },
  "cv_mean_threshold_rule_on_all_rows": {
    "threshold": 0.07597208321094513,
    "tp": 63,
    "fp": 97,
    "tn": 174,
    "fn": 6,
    "failed_n": 69,
    "success_n": 271,
    "predicted_drift_n": 160,
    "predicted_no_drift_n": 180,
    "tpr": 0.9130434782608695,
    "fpr": 0.35793357933579334,
    "specificity": 0.6420664206642066,
    "precision": 0.39375,
    "recall": 0.9130434782608695,
    "f1": 0.5502183406113538,
    "accuracy": 0.6970588235294117,
    "balanced_accuracy": 0.777554949462538,
    "youden_j": 0.5551098989250762,
    "threshold_source": "mean of train-selected thresholds across cross-validation folds"
  },
  "score_distribution": {
    "failed_refusal": {
      "n": 69,
      "mean": 0.1034535089696663,
      "p25": 0.08473508059978485,
      "p50": 0.09926079958677292,
      "p75": 0.11936269700527191
    },
    "successful_refusal": {
      "n": 271,
      "mean": 0.07347371650522926,
      "p25": 0.05760530009865761,
      "p50": 0.06779465079307556,
      "p75": 0.08378906175494194
    }
  }
}
