fold,threshold,train_balanced_accuracy,train_youden_j,valid_balanced_accuracy,valid_youden_j,valid_precision,valid_recall,valid_specificity,valid_tp,valid_fp,valid_tn,valid_fn
0,0.07529092580080032,0.7818149592343141,0.5636299184686282,0.8148148148148149,0.6296296296296297,0.4594594594594595,1.0,0.6296296296296297,17,20,34,0
1,0.0772656574845314,0.8156387319522913,0.6312774639045825,0.6409090909090909,0.2818181818181818,0.23333333333333334,0.7,0.5818181818181818,7,23,32,3
2,0.07525446265935898,0.7944961307712373,0.5889922615424745,0.7800925925925926,0.5601851851851851,0.45161290322580644,0.875,0.6851851851851852,14,17,37,2
3,0.07675844430923462,0.8016572504708097,0.6033145009416195,0.7152173913043478,0.4304347826086957,0.32,0.8,0.6304347826086957,8,17,29,2
4,0.07529092580080032,0.7684842466371762,0.5369684932743523,0.8629032258064516,0.7258064516129032,0.48484848484848486,1.0,0.7258064516129032,16,17,45,0
