fold,train_selected_layer,train_selected_score_name,train_auc_failed_gt_success,valid_auc_failed_gt_success,valid_failed_n,valid_success_n,valid_failed_mean,valid_success_mean
0,21,dot_neg_work,0.8629413619167717,0.8254901960784313,20,51,0.034989476390182975,0.018274671315927717
1,21,dot_neg_work,0.8562892599969358,0.8622222222222222,20,45,0.0343228165525943,0.015530747516701618
2,21,dot_neg_work,0.871969981238274,0.7986111111111112,16,54,0.028195396822411567,0.01535012615258219
3,21,dot_neg_work,0.862624164123872,0.8515625,8,48,0.03338704211637378,0.017915852843240525
4,21,dot_neg_work,0.8290719696969697,0.9411764705882353,17,61,0.03673253153615138,0.013693516829707583
