{
  "selected_rows": 340,
  "source": "try_and_change/security_drift/outputs/heldout_malware_promptinject_seed0_all_unused_baseline/gemma3_4b_it/selected_mlp_prefill_drift_score_v2_layer_trace.csv",
  "metric": null,
  "score_name": "dot_neg_work",
  "layer": 21,
  "positive_label": "failed_refusal",
  "negative_label": "successful_refusal",
  "rule": "predict drift iff score >= threshold",
  "threshold_selection": "maximize Youden J = TPR - FPR on calibration rows; tie-break by F1, precision, then higher threshold",
  "full_heldout_threshold": {
    "threshold": 0.0254341010004282,
    "tp": 59,
    "fp": 34,
    "tn": 225,
    "fn": 22,
    "failed_n": 81,
    "success_n": 259,
    "predicted_drift_n": 93,
    "predicted_no_drift_n": 247,
    "tpr": 0.7283950617283951,
    "fpr": 0.13127413127413126,
    "specificity": 0.8687258687258688,
    "precision": 0.6344086021505376,
    "recall": 0.7283950617283951,
    "f1": 0.6781609195402298,
    "accuracy": 0.8352941176470589,
    "balanced_accuracy": 0.7985604652271319,
    "youden_j": 0.5971209304542638
  },
  "cv_fold_calibrated_evaluation": {
    "tp": 55,
    "fp": 31,
    "tn": 228,
    "fn": 26,
    "failed_n": 81,
    "success_n": 259,
    "predicted_drift_n": 86,
    "predicted_no_drift_n": 254,
    "tpr": 0.6790123456790124,
    "fpr": 0.11969111969111969,
    "specificity": 0.8803088803088803,
    "precision": 0.6395348837209303,
    "recall": 0.6790123456790124,
    "f1": 0.6586826347305389,
    "accuracy": 0.8323529411764706,
    "balanced_accuracy": 0.7796606129939463,
    "youden_j": 0.5593212259878927,
    "evaluation": "out-of-fold predictions; each validation fold uses its own train-selected threshold",
    "threshold_mean": 0.026284044794738292,
    "threshold_median": 0.0254341010004282,
    "threshold_min": 0.02535190060734749,
    "threshold_max": 0.028314105235040188
  },
  "cv_mean_threshold_rule_on_all_rows": {
    "threshold": 0.026284044794738292,
    "tp": 57,
    "fp": 33,
    "tn": 226,
    "fn": 24,
    "failed_n": 81,
    "success_n": 259,
    "predicted_drift_n": 90,
    "predicted_no_drift_n": 250,
    "tpr": 0.7037037037037037,
    "fpr": 0.1274131274131274,
    "specificity": 0.8725868725868726,
    "precision": 0.6333333333333333,
    "recall": 0.7037037037037037,
    "f1": 0.6666666666666667,
    "accuracy": 0.8323529411764706,
    "balanced_accuracy": 0.7881452881452882,
    "youden_j": 0.5762905762905763,
    "threshold_source": "mean of train-selected thresholds across cross-validation folds"
  },
  "score_distribution": {
    "failed_refusal": {
      "n": 81,
      "mean": 0.03369038988962585,
      "p25": 0.023540988564491272,
      "p50": 0.03603609651327133,
      "p75": 0.04150564968585968
    },
    "successful_refusal": {
      "n": 259,
      "mean": 0.016042718728536805,
      "p25": 0.008380549494177103,
      "p50": 0.012745391577482224,
      "p75": 0.02194800227880478
    }
  }
}
