fold,threshold,train_balanced_accuracy,train_youden_j,valid_balanced_accuracy,valid_youden_j,valid_precision,valid_recall,valid_specificity,valid_tp,valid_fp,valid_tn,valid_fn
0,0.3502282932424947,0.7458228247162673,0.49164564943253464,0.7181372549019608,0.4362745098039216,0.4838709677419355,0.75,0.6862745098039216,15,16,35,5
1,0.19881296220205513,0.7286655431285429,0.457331086257086,0.7472222222222222,0.4944444444444444,0.5151515151515151,0.85,0.6444444444444445,17,16,29,3
2,0.5338560772855487,0.7686679174484052,0.5373358348968105,0.5925925925925926,0.18518518518518517,0.32,0.5,0.6851851851851852,8,17,37,8
3,0.3502282932424947,0.7295332078166591,0.4590664156333181,0.78125,0.5625,0.4,0.75,0.8125,6,9,39,2
4,0.3502282932424947,0.7257733585858586,0.4515467171717172,0.793635486981678,0.5872709739633558,0.45454545454545453,0.8823529411764706,0.7049180327868853,15,18,43,2
