fold,threshold,train_balanced_accuracy,train_youden_j,valid_balanced_accuracy,valid_youden_j,valid_precision,valid_recall,valid_specificity,valid_tp,valid_fp,valid_tn,valid_fn
0,0.026886016130447388,0.812578814627995,0.6251576292559899,0.736764705882353,0.47352941176470587,0.5909090909090909,0.65,0.8235294117647058,13,9,42,7
1,0.0254341010004282,0.7987590010724682,0.5975180021449364,0.8055555555555556,0.611111111111111,0.7777777777777778,0.7,0.9111111111111111,14,4,41,6
2,0.0254341010004282,0.8138836772983115,0.6277673545966229,0.7349537037037037,0.46990740740740744,0.6428571428571429,0.5625,0.9074074074074074,9,5,49,7
3,0.02535190060734749,0.7990326559761085,0.5980653119522171,0.7916666666666667,0.5833333333333334,0.42857142857142855,0.75,0.8333333333333334,6,8,40,2
4,0.028314105235040188,0.775094696969697,0.5501893939393939,0.8413693346190936,0.682738669238187,0.7222222222222222,0.7647058823529411,0.9180327868852459,13,5,56,4
